{"cameraMode":{"drawMode":0,"name":"Shaded","section":"Shading Mode"},"sceneLighting":true,"audioPlay":false,"sceneViewState":{"m_AlwaysRefresh":false,"showFog":true,"showSkybox":true,"showFlares":true,"showImageEffects":true,"showParticleSystems":true,"showVisualEffectGraphs":true,"m_FxEnabled":true},"in2DMode":false,"pivot":{"x":1.8860409259796143,"y":1.503272533416748,"z":2.7967772483825685},"rotation":{"x":-0.06412879377603531,"y":-0.03382645919919014,"z":0.002175114583224058,"w":-0.9973673224449158},"size":6.9495439529418949,"orthographic":false}